Family,Partition,Model,Evidence_status,Policy_origin,Threshold,N,TN,FP,FN,TP,Accuracy,Precision,Recall,F1,Specificity,FPR,FNR,ROC-AUC,AP,Brier,Alert_rate,Cost_1,Cost_1_per_1000,Cost_3,Cost_3_per_1000,Cost_5,Cost_5_per_1000,Cost_10,Cost_10_per_1000
Decision Tree,validation,Baseline Decision Tree,Historical frozen experiment,Fixed policy,0.5,6000,3814,859,768,559,0.7288333333333333,0.3942172073342736,0.4212509419743783,0.40728597449908926,0.8161780440830302,0.18382195591696981,0.5787490580256217,0.6187144930287042,0.2940643699320715,0.27116666666666667,0.23633333333333334,1627,271.1666666666667,3163,527.1666666666666,4699,783.1666666666666,8539,1423.1666666666667
Decision Tree,validation,Tuned Decision Tree,Historical frozen experiment,Fixed policy,0.5,6000,4433,240,842,485,0.8196666666666667,0.6689655172413793,0.3654860587792012,0.4727095516569201,0.9486411298951423,0.05135887010485769,0.6345139412207988,0.7664236548815518,0.5317479630265723,0.13842937667094457,0.12083333333333333,1082,180.33333333333334,2766,461.0,4450,741.6666666666666,8660,1443.3333333333333
Decision Tree,test,Baseline Decision Tree,Historical frozen experiment,Fixed policy,0.5,6000,3792,881,791,536,0.7213333333333334,0.37826393789696544,0.40391861341371516,0.39067055393586003,0.8114701476567515,0.18852985234324846,0.5960813865862848,0.6075523083028722,0.284267217062282,0.27872685185185186,0.23616666666666666,1672,278.6666666666667,3254,542.3333333333334,4836,806.0,8791,1465.1666666666667
Decision Tree,test,Tuned Decision Tree,Historical frozen experiment,Fixed policy,0.5,6000,4427,246,853,474,0.8168333333333333,0.6583333333333333,0.3571966842501884,0.46311675622862725,0.9473571581425209,0.05264284185747913,0.6428033157498116,0.7538451825499175,0.5220918784014116,0.1406681510555937,0.12,1099,183.16666666666666,2805,467.5,4511,751.8333333333334,8776,1462.6666666666667
RF,validation,Baseline RF,Historical frozen experiment,Fixed policy,0.5,6000,4402,271,845,482,0.814,0.6401062416998672,0.3632253202712886,0.4634615384615385,0.9420072758399315,0.05799272416006848,0.6367746797287114,0.7719869680576146,0.5216396895442081,0.1379488754591837,0.1255,1116,186.0,2806,467.6666666666667,4496,749.3333333333334,8721,1453.5
RF,validation,Tuned RF,Historical frozen experiment,Fixed policy,0.5,6000,4095,578,624,703,0.7996666666666666,0.5487900078064013,0.5297663903541824,0.5391104294478528,0.8763107211641344,0.12368927883586561,0.4702336096458176,0.777924732679242,0.5492775666915776,0.16057988831640596,0.2135,1202,200.33333333333334,2450,408.3333333333333,3698,616.3333333333334,6818,1136.3333333333333
RF,validation,Tuned RF / cost ratio 1,Historical frozen experiment,Validation selection,0.706811715757006,6000,4471,202,863,464,0.8225,0.6966966966966966,0.3496608892238131,0.46562970396387354,0.9567729509950781,0.04322704900492189,0.6503391107761869,0.777924732679242,0.5492775666915776,0.16057988831640596,0.111,1065,177.5,2791,465.1666666666667,4517,752.8333333333334,8832,1472.0
RF,validation,Tuned RF / cost ratio 3,Historical frozen experiment,Validation selection,0.45258283874818894,6000,3911,762,550,777,0.7813333333333333,0.5048732943469786,0.5855312735493594,0.5422191207257502,0.8369355874170769,0.16306441258292317,0.41446872645064053,0.777924732679242,0.5492775666915776,0.16057988831640596,0.2565,1312,218.66666666666666,2412,402.0,3512,585.3333333333334,6262,1043.6666666666667
RF,validation,Tuned RF / cost ratio 5,Historical frozen experiment,Validation selection,0.32288101060928226,6000,2803,1870,286,1041,0.6406666666666667,0.357609069048437,0.7844762622456669,0.49126946672958943,0.5998288037663171,0.40017119623368286,0.2155237377543331,0.777924732679242,0.5492775666915776,0.16057988831640596,0.4851666666666667,2156,359.3333333333333,2728,454.6666666666667,3300,550.0,4730,788.3333333333334
RF,validation,Tuned RF / cost ratio 10,Historical frozen experiment,Validation selection,0.24897366446801708,6000,1748,2925,129,1198,0.491,0.2905651224836284,0.9027882441597589,0.43963302752293576,0.3740637705970469,0.6259362294029531,0.09721175584024115,0.777924732679242,0.5492775666915776,0.16057988831640596,0.6871666666666667,3054,509.0,3312,552.0,3570,595.0,4215,702.5
RF,test,Baseline RF,Historical frozen experiment,Fixed policy,0.5,6000,4394,279,822,505,0.8165,0.6441326530612245,0.38055764883195176,0.47844623401231645,0.9402953135031029,0.059704686496897065,0.6194423511680482,0.7534324312687276,0.531169199686173,0.14001257632001132,0.13066666666666665,1101,183.5,2745,457.5,4389,731.5,8499,1416.5
RF,test,Tuned RF,Historical frozen experiment,Fixed policy,0.5,6000,4100,573,637,690,0.7983333333333333,0.5463182897862233,0.5199698568198945,0.5328185328185329,0.8773806976246522,0.12261930237534774,0.4800301431801055,0.7752455180726039,0.5507549511360591,0.16265898764294842,0.2105,1210,201.66666666666666,2484,414.0,3758,626.3333333333334,6943,1157.1666666666667
RF,test,Tuned RF / cost ratio 1,Historical frozen experiment,Validation selection,0.706811715757006,6000,4436,237,870,457,0.8155,0.6585014409221902,0.3443858327053504,0.45225136071251854,0.9492831157714531,0.05071688422854697,0.6556141672946496,0.7752455180726039,0.5507549511360591,0.16265898764294842,0.11566666666666667,1107,184.5,2847,474.5,4587,764.5,8937,1489.5
RF,test,Tuned RF / cost ratio 3,Historical frozen experiment,Validation selection,0.45258283874818894,6000,3905,768,550,777,0.7803333333333333,0.5029126213592233,0.5855312735493594,0.5410863509749304,0.8356516156644553,0.1643483843355446,0.41446872645064053,0.7752455180726039,0.5507549511360591,0.16265898764294842,0.2575,1318,219.66666666666666,2418,403.0,3518,586.3333333333334,6268,1044.6666666666667
RF,test,Tuned RF / cost ratio 5,Historical frozen experiment,Validation selection,0.32288101060928226,6000,2789,1884,304,1023,0.6353333333333333,0.35190918472652216,0.7709118311981914,0.48323098724610297,0.5968328696768671,0.4031671303231329,0.2290881688018086,0.7752455180726039,0.5507549511360591,0.16265898764294842,0.4845,2188,364.6666666666667,2796,466.0,3404,567.3333333333334,4924,820.6666666666666
RF,test,Tuned RF / cost ratio 10,Historical frozen experiment,Validation selection,0.24897366446801708,6000,1722,2951,128,1199,0.48683333333333334,0.2889156626506024,0.9035418236623964,0.43783092934088,0.368499893002354,0.631500106997646,0.09645817633760362,0.7752455180726039,0.5507549511360591,0.16265898764294842,0.6916666666666667,3079,513.1666666666666,3335,555.8333333333334,3591,598.5,4231,705.1666666666666
RF,test,Always negative,Historical frozen experiment,Fixed policy,1.0,6000,4673,0,1327,0,0.7788333333333334,0.0,0.0,0.0,1.0,0.0,1.0,0.5,0.22116666666666668,0.172251975308642,0.0,1327,221.16666666666666,3981,663.5,6635,1105.8333333333333,13270,2211.6666666666665
RF,test,Always positive,Historical frozen experiment,Fixed policy,0.0,6000,0,4673,0,1327,0.22116666666666668,0.22116666666666668,1.0,0.362221918929985,0.0,1.0,0.0,0.5,0.22116666666666668,0.172251975308642,1.0,4673,778.8333333333334,4673,778.8333333333334,4673,778.8333333333334,4673,778.8333333333334
XGBoost,validation,Baseline XGBoost,Historical frozen experiment,Fixed policy,0.5,6000,4452,221,846,481,0.8221666666666667,0.6851851851851852,0.3624717407686511,0.4741251848201084,0.9527070404451102,0.04729295955488979,0.6375282592313489,0.780909942814717,0.5472546754119062,0.13470970275783528,0.117,1067,177.83333333333334,2759,459.8333333333333,4451,741.8333333333334,8681,1446.8333333333333
XGBoost,validation,Tuned XGBoost,Historical frozen experiment,Fixed policy,0.5,6000,3954,719,585,742,0.7826666666666666,0.5078713210130048,0.5591559909570459,0.5322812051649928,0.8461373849775305,0.1538626150224695,0.440844009042954,0.7788045000613604,0.5486075474458686,0.1670879806008883,0.2435,1304,217.33333333333334,2474,412.3333333333333,3644,607.3333333333334,6569,1094.8333333333333
XGBoost,validation,Tuned XGBoost / cost ratio 1,Historical frozen experiment,Validation selection,0.7327737808227539,6000,4464,209,857,470,0.8223333333333334,0.6921944035346097,0.3541823662396383,0.46859421734795614,0.955274983950353,0.04472501604964691,0.6458176337603617,0.7788045000613604,0.5486075474458686,0.1670879806008883,0.11316666666666667,1066,177.66666666666666,2780,463.3333333333333,4494,749.0,8779,1463.1666666666667
XGBoost,validation,Tuned XGBoost / cost ratio 3,Historical frozen experiment,Validation selection,0.5344873666763306,6000,4059,614,609,718,0.7961666666666667,0.539039039039039,0.5410700828937453,0.5400526513726965,0.8686068906484057,0.13139310935159426,0.4589299171062547,0.7788045000613604,0.5486075474458686,0.1670879806008883,0.222,1223,203.83333333333334,2441,406.8333333333333,3659,609.8333333333334,6704,1117.3333333333333
XGBoost,validation,Tuned XGBoost / cost ratio 5,Historical frozen experiment,Validation selection,0.31501567363739014,6000,2451,2222,217,1110,0.5935,0.33313325330132054,0.8364732479276563,0.4764971023824855,0.5245024609458592,0.4754975390541408,0.16352675207234363,0.7788045000613604,0.5486075474458686,0.1670879806008883,0.5553333333333333,2439,406.5,2873,478.8333333333333,3307,551.1666666666666,4392,732.0
XGBoost,validation,Tuned XGBoost / cost ratio 10,Historical frozen experiment,Validation selection,0.2706960439682007,6000,1890,2783,141,1186,0.5126666666666667,0.29881582262534645,0.8937452901281085,0.4478851963746224,0.40445110207575435,0.5955488979242457,0.10625470987189148,0.7788045000613604,0.5486075474458686,0.1670879806008883,0.6615,2924,487.3333333333333,3206,534.3333333333334,3488,581.3333333333334,4193,698.8333333333334
XGBoost,test,Baseline XGBoost,Historical frozen experiment,Fixed policy,0.5,6000,4426,247,855,472,0.8163333333333334,0.6564673157162726,0.3556895252449133,0.4613880742913001,0.9471431628504173,0.05285683714958271,0.6443104747550866,0.7772925838133445,0.5543803073495323,0.1357752966399728,0.11983333333333333,1102,183.66666666666666,2812,468.6666666666667,4522,753.6666666666666,8797,1466.1666666666667
XGBoost,test,Tuned XGBoost,Historical frozen experiment,Fixed policy,0.5,6000,3983,690,599,728,0.7851666666666667,0.5133991537376587,0.5486058779201206,0.5304189435336977,0.8523432484485342,0.14765675155146588,0.45139412207987945,0.7762052716377542,0.5516036303213034,0.16900484931769974,0.23633333333333334,1289,214.83333333333334,2487,414.5,3685,614.1666666666666,6680,1113.3333333333333
XGBoost,test,Tuned XGBoost / cost ratio 1,Historical frozen experiment,Validation selection,0.7327737808227539,6000,4437,236,858,469,0.8176666666666667,0.6652482269503546,0.35342878673700073,0.46161417322834647,0.9494971110635566,0.0505028889364434,0.6465712132629993,0.7762052716377542,0.5516036303213034,0.16900484931769974,0.1175,1094,182.33333333333334,2810,468.3333333333333,4526,754.3333333333334,8816,1469.3333333333333
XGBoost,test,Tuned XGBoost / cost ratio 3,Historical frozen experiment,Validation selection,0.5344873666763306,6000,4071,602,629,698,0.7948333333333333,0.536923076923077,0.5259984928409948,0.5314046440807004,0.8711748341536486,0.12882516584635137,0.4740015071590053,0.7762052716377542,0.5516036303213034,0.16900484931769974,0.21666666666666667,1231,205.16666666666666,2489,414.8333333333333,3747,624.5,6892,1148.6666666666667
XGBoost,test,Tuned XGBoost / cost ratio 5,Historical frozen experiment,Validation selection,0.31501567363739014,6000,2425,2248,232,1095,0.5866666666666667,0.3275501046963805,0.8251695553880934,0.4689507494646681,0.5189385833511663,0.48106141664883373,0.17483044461190655,0.7762052716377542,0.5516036303213034,0.16900484931769974,0.5571666666666667,2480,413.3333333333333,2944,490.6666666666667,3408,568.0,4568,761.3333333333334
XGBoost,test,Tuned XGBoost / cost ratio 10,Historical frozen experiment,Validation selection,0.2706960439682007,6000,1828,2845,143,1184,0.502,0.29386944651278235,0.8922381311228335,0.4421209858103062,0.39118339396533275,0.6088166060346673,0.10776186887716654,0.7762052716377542,0.5516036303213034,0.16900484931769974,0.6715,2988,498.0,3274,545.6666666666666,3560,593.3333333333334,4275,712.5
XGBoost,test,Always negative,Historical frozen experiment,Fixed policy,1.0,6000,4673,0,1327,0,0.7788333333333334,0.0,0.0,0.0,1.0,0.0,1.0,0.5,0.22116666666666668,0.172251975308642,0.0,1327,221.16666666666666,3981,663.5,6635,1105.8333333333333,13270,2211.6666666666665
XGBoost,test,Always positive,Historical frozen experiment,Fixed policy,0.0,6000,0,4673,0,1327,0.22116666666666668,0.22116666666666668,1.0,0.362221918929985,0.0,1.0,0.0,0.5,0.22116666666666668,0.172251975308642,1.0,4673,778.8333333333334,4673,778.8333333333334,4673,778.8333333333334,4673,778.8333333333334
Logistic Regression,validation,Baseline LR supplement,Post-hoc reproducibility supplement after historic test results existed,Fixed policy,0.5,6000,4543,130,995,332,0.8125,0.7186147186147186,0.25018839487565936,0.37115707098937956,0.9721806120265354,0.027819387973464584,0.7498116051243406,0.7257591470892689,0.49992660571729636,0.14528667337916637,0.077,1125,187.5,3115,519.1666666666666,5105,850.8333333333334,10080,1680.0
Logistic Regression,validation,Tuned LR supplement,Post-hoc reproducibility supplement after historic test results existed,Fixed policy,0.5,6000,4542,131,996,331,0.8121666666666667,0.7164502164502164,0.24943481537302187,0.37003912800447175,0.9719666167344319,0.028033383265568156,0.7505651846269782,0.7253904204612396,0.49992322654424887,0.14531704483215963,0.077,1127,187.83333333333334,3119,519.8333333333334,5111,851.8333333333334,10091,1681.8333333333333
Logistic Regression,validation,Tuned LR supplement / cost ratio 1,Post-hoc reproducibility supplement after historic test results existed,Validation selection,0.4453536666170534,6000,4471,202,892,435,0.8176666666666667,0.6828885400313972,0.3278070836473248,0.4429735234215886,0.9567729509950781,0.04322704900492189,0.6721929163526752,0.7253904204612396,0.49992322654424887,0.14531704483215963,0.10616666666666667,1094,182.33333333333334,2878,479.6666666666667,4662,777.0,9122,1520.3333333333333
Logistic Regression,validation,Tuned LR supplement / cost ratio 3,Post-hoc reproducibility supplement after historic test results existed,Validation selection,0.26511536570131244,6000,3998,675,627,700,0.783,0.509090909090909,0.5275056518462697,0.5181347150259067,0.8555531778300878,0.14444682216991225,0.4724943481537302,0.7253904204612396,0.49992322654424887,0.14531704483215963,0.22916666666666666,1302,217.0,2556,426.0,3810,635.0,6945,1157.5
Logistic Regression,validation,Tuned LR supplement / cost ratio 5,Post-hoc reproducibility supplement after historic test results existed,Validation selection,0.23431561971886616,6000,3566,1107,512,815,0.7301666666666666,0.42403746097814776,0.6141672946495855,0.5016928285626346,0.7631072116413439,0.2368927883586561,0.3858327053504145,0.7253904204612396,0.49992322654424887,0.14531704483215963,0.32033333333333336,1619,269.8333333333333,2643,440.5,3667,611.1666666666666,6227,1037.8333333333333
Logistic Regression,validation,Tuned LR supplement / cost ratio 10,Post-hoc reproducibility supplement after historic test results existed,Validation selection,0.00394068689681157,6000,5,4668,0,1327,0.222,0.2213511259382819,1.0,0.362469270691068,0.0010699764605178687,0.9989300235394821,0.0,0.7253904204612396,0.49992322654424887,0.14531704483215963,0.9991666666666666,4668,778.0,4668,778.0,4668,778.0,4668,778.0
Logistic Regression,test,Baseline LR supplement,Post-hoc reproducibility supplement after historic test results existed,Fixed policy,0.5,6000,4526,147,988,339,0.8108333333333333,0.6975308641975309,0.2554634513941221,0.3739658025372311,0.9685426920607747,0.03145730793922534,0.7445365486058779,0.7111334477544282,0.4969981429211727,0.14629069426849511,0.081,1135,189.16666666666666,3111,518.5,5087,847.8333333333334,10027,1671.1666666666667
Logistic Regression,test,Tuned LR supplement,Post-hoc reproducibility supplement after historic test results existed,Fixed policy,0.5,6000,4528,145,991,336,0.8106666666666666,0.6985446985446986,0.2532027128862095,0.37168141592920356,0.9689706826449818,0.03102931735501819,0.7467972871137905,0.7106794939132288,0.49674924303782697,0.14633366362091166,0.08016666666666666,1136,189.33333333333334,3118,519.6666666666666,5100,850.0,10055,1675.8333333333333
Logistic Regression,test,Tuned LR supplement / cost ratio 1,Post-hoc reproducibility supplement after historic test results existed,Validation selection,0.4453536666170534,6000,4450,223,886,441,0.8151666666666667,0.6641566265060241,0.33232856066315,0.44299347061778,0.9522790498609031,0.04772095013909694,0.66767143933685,0.7106794939132288,0.49674924303782697,0.14633366362091166,0.11066666666666666,1109,184.83333333333334,2881,480.1666666666667,4653,775.5,9083,1513.8333333333333
Logistic Regression,test,Tuned LR supplement / cost ratio 3,Post-hoc reproducibility supplement after historic test results existed,Validation selection,0.26511536570131244,6000,3972,701,649,678,0.775,0.4916606236403191,0.5109269027882442,0.5011086474501109,0.8499893002353949,0.15001069976460518,0.48907309721175585,0.7106794939132288,0.49674924303782697,0.14633366362091166,0.22983333333333333,1350,225.0,2648,441.3333333333333,3946,657.6666666666666,7191,1198.5
Logistic Regression,test,Tuned LR supplement / cost ratio 5,Post-hoc reproducibility supplement after historic test results existed,Validation selection,0.23431561971886616,6000,3496,1177,539,788,0.714,0.4010178117048346,0.5938206480783723,0.4787363304981774,0.7481275411940937,0.25187245880590625,0.40617935192162774,0.7106794939132288,0.49674924303782697,0.14633366362091166,0.3275,1716,286.0,2794,465.6666666666667,3872,645.3333333333334,6567,1094.5
Logistic Regression,test,Tuned LR supplement / cost ratio 10,Post-hoc reproducibility supplement after historic test results existed,Validation selection,0.00394068689681157,6000,6,4667,0,1327,0.22216666666666668,0.22138805472138806,1.0,0.36251878158721484,0.0012839717526214422,0.9987160282473786,0.0,0.7106794939132288,0.49674924303782697,0.14633366362091166,0.999,4667,777.8333333333334,4667,777.8333333333334,4667,777.8333333333334,4667,777.8333333333334
Logistic Regression,test,Always negative,Post-hoc reproducibility supplement after historic test results existed,Fixed policy,1.0,6000,4673,0,1327,0,0.7788333333333334,0.0,0.0,0.0,1.0,0.0,1.0,0.5,0.22116666666666668,0.172251975308642,0.0,1327,221.16666666666666,3981,663.5,6635,1105.8333333333333,13270,2211.6666666666665
Logistic Regression,test,Always positive,Post-hoc reproducibility supplement after historic test results existed,Fixed policy,0.0,6000,0,4673,0,1327,0.22116666666666668,0.22116666666666668,1.0,0.362221918929985,0.0,1.0,0.0,0.5,0.22116666666666668,0.172251975308642,1.0,4673,778.8333333333334,4673,778.8333333333334,4673,778.8333333333334,4673,778.8333333333334
