Candidate,Parameters,Mean_CV_AP,SD_CV_AP,Mean_fit_AP,Mean_CV_ROC_AUC,Mean_fit_seconds,Fold_0_AP,Fold_1_AP,Fold_2_AP,Fold_3_AP,Fold_4_AP
0,"{""colsample_bytree"": 1.0, ""learning_rate"": 0.1, ""max_depth"": 3, ""min_child_weight"": 1, ""n_estimators"": 200, ""reg_alpha"": 0.0, ""reg_lambda"": 1.0, ""scale_pos_weight"": 1.0, ""subsample"": 1.0}",0.5598011588372398,0.012608227340906736,0.6401870655562174,0.7817318797068358,0.2798319339752197,0.5698322357918907,0.5720316631606086,0.5552161535294623,0.561170929020979,0.5407548126832586
1,"{""colsample_bytree"": 0.8, ""learning_rate"": 0.03, ""max_depth"": 5, ""min_child_weight"": 10, ""n_estimators"": 500, ""reg_alpha"": 0.1, ""reg_lambda"": 10.0, ""scale_pos_weight"": 1.0, ""subsample"": 0.7}",0.5556266794039031,0.01577690673184934,0.6883669622031491,0.7817921659413237,0.8450961589813233,0.5636616282349377,0.5647877673868477,0.5636270106109761,0.558288302538362,0.5277686882483918
2,"{""colsample_bytree"": 1.0, ""learning_rate"": 0.07, ""max_depth"": 3, ""min_child_weight"": 5, ""n_estimators"": 300, ""reg_alpha"": 0.0, ""reg_lambda"": 5.0, ""scale_pos_weight"": 1.0, ""subsample"": 0.7}",0.5545835893590976,0.013790308616737542,0.6343191066701571,0.7810592657910966,0.3705135345458984,0.5683081862568371,0.5624449663201849,0.5505288862941169,0.5588642426007293,0.5327716653236199
3,"{""colsample_bytree"": 1.0, ""learning_rate"": 0.03, ""max_depth"": 4, ""min_child_weight"": 1, ""n_estimators"": 500, ""reg_alpha"": 0.1, ""reg_lambda"": 10.0, ""scale_pos_weight"": 1.0, ""subsample"": 0.7}",0.5590534516181773,0.01677753052889134,0.6638371576863316,0.7824203045434951,0.8029572486877441,0.5683043722548102,0.5712117116106004,0.563375370462331,0.5626623606189234,0.529713443144222
4,"{""colsample_bytree"": 0.8, ""learning_rate"": 0.03, ""max_depth"": 4, ""min_child_weight"": 1, ""n_estimators"": 300, ""reg_alpha"": 0.0, ""reg_lambda"": 10.0, ""scale_pos_weight"": 3.0, ""subsample"": 0.7}",0.5601531896800234,0.015389161508907654,0.6279889728608042,0.7846613349301645,0.5176865577697753,0.5689206884949431,0.5718759356662151,0.5555775123909217,0.5693049650252874,0.5350868468227495
5,"{""colsample_bytree"": 1.0, ""learning_rate"": 0.1, ""max_depth"": 2, ""min_child_weight"": 5, ""n_estimators"": 300, ""reg_alpha"": 0.0, ""reg_lambda"": 10.0, ""scale_pos_weight"": 3.0, ""subsample"": 0.7}",0.5540341848176931,0.012853697688511138,0.5926937905022888,0.7829454569369654,0.3247820854187012,0.5631799008786791,0.562569491962766,0.5454046481149649,0.5634537092055875,0.5355631739264677
6,"{""colsample_bytree"": 1.0, ""learning_rate"": 0.03, ""max_depth"": 5, ""min_child_weight"": 10, ""n_estimators"": 500, ""reg_alpha"": 0.1, ""reg_lambda"": 1.0, ""scale_pos_weight"": 1.0, ""subsample"": 0.7}",0.5533642780301057,0.017725160532288575,0.7095583316361715,0.7801707999422731,0.8617889404296875,0.5682890208373947,0.5593250545489379,0.5610509845229507,0.5553750200039778,0.5227813102372675
7,"{""colsample_bytree"": 1.0, ""learning_rate"": 0.03, ""max_depth"": 4, ""min_child_weight"": 10, ""n_estimators"": 150, ""reg_alpha"": 0.0, ""reg_lambda"": 1.0, ""scale_pos_weight"": 3.0, ""subsample"": 1.0}",0.5620187239302741,0.014002365278013245,0.6070834172981563,0.7814039245365274,0.30658750534057616,0.5694260314646313,0.570028155918701,0.5672209755803523,0.5662970812891163,0.5371213753985697
8,"{""colsample_bytree"": 1.0, ""learning_rate"": 0.03, ""max_depth"": 3, ""min_child_weight"": 5, ""n_estimators"": 300, ""reg_alpha"": 0.1, ""reg_lambda"": 1.0, ""scale_pos_weight"": 3.0, ""subsample"": 1.0}",0.5593405123796396,0.012023500532744005,0.5995097601586923,0.7832526827936127,0.35825581550598146,0.5682469121569826,0.5693868214194404,0.5515060640246352,0.5655035734762894,0.5420591908208504
9,"{""colsample_bytree"": 0.8, ""learning_rate"": 0.03, ""max_depth"": 2, ""min_child_weight"": 5, ""n_estimators"": 500, ""reg_alpha"": 0.0, ""reg_lambda"": 10.0, ""scale_pos_weight"": 3.0, ""subsample"": 0.7}",0.5555796271041447,0.012079142332136424,0.5779027357864396,0.7833644059380662,0.5163974285125732,0.5628231586818934,0.5667320124522809,0.5494074010702954,0.5615915720209613,0.537343991295292
10,"{""colsample_bytree"": 0.8, ""learning_rate"": 0.07, ""max_depth"": 5, ""min_child_weight"": 10, ""n_estimators"": 300, ""reg_alpha"": 0.0, ""reg_lambda"": 5.0, ""scale_pos_weight"": 1.0, ""subsample"": 1.0}",0.5511901489882789,0.013805347741285405,0.711560898426441,0.776906797361792,0.48628973960876465,0.560440054397072,0.5627236976446023,0.553634404209922,0.5511527659016432,0.5279998227881548
11,"{""colsample_bytree"": 0.8, ""learning_rate"": 0.03, ""max_depth"": 5, ""min_child_weight"": 5, ""n_estimators"": 500, ""reg_alpha"": 0.0, ""reg_lambda"": 1.0, ""scale_pos_weight"": 1.0, ""subsample"": 1.0}",0.5559475730089058,0.015379654824079977,0.7147188341435039,0.7787622653984607,0.8232417583465577,0.566057557368614,0.5703568656997937,0.5534617885164801,0.5588480661961789,0.5310135872634626
12,"{""colsample_bytree"": 0.8, ""learning_rate"": 0.1, ""max_depth"": 5, ""min_child_weight"": 1, ""n_estimators"": 150, ""reg_alpha"": 0.1, ""reg_lambda"": 1.0, ""scale_pos_weight"": 3.0, ""subsample"": 1.0}",0.5558544413001794,0.016294860026117224,0.7380033332631106,0.7755883014890363,0.3132963180541992,0.5688190068485903,0.5649370313347274,0.5562962499347627,0.5613199038476557,0.5279000145351599
13,"{""colsample_bytree"": 0.8, ""learning_rate"": 0.1, ""max_depth"": 5, ""min_child_weight"": 1, ""n_estimators"": 500, ""reg_alpha"": 0.0, ""reg_lambda"": 10.0, ""scale_pos_weight"": 1.0, ""subsample"": 1.0}",0.5401095554357059,0.016046880559259354,0.8349876200968529,0.7674948027592287,0.8317147731781006,0.5518227305658376,0.5429126044227884,0.5495987393918521,0.5440250725141746,0.5121886302838765
14,"{""colsample_bytree"": 1.0, ""learning_rate"": 0.1, ""max_depth"": 5, ""min_child_weight"": 5, ""n_estimators"": 150, ""reg_alpha"": 0.0, ""reg_lambda"": 10.0, ""scale_pos_weight"": 3.0, ""subsample"": 1.0}",0.5600709459513474,0.01685247402448556,0.6965368092768047,0.7783657187482401,0.3352324962615967,0.5684016445109624,0.5745954531832123,0.5600321101744961,0.5659162648725747,0.5314092570154917
15,"{""colsample_bytree"": 0.8, ""learning_rate"": 0.07, ""max_depth"": 3, ""min_child_weight"": 5, ""n_estimators"": 300, ""reg_alpha"": 0.0, ""reg_lambda"": 10.0, ""scale_pos_weight"": 1.0, ""subsample"": 0.7}",0.5551193689778782,0.014801663182812808,0.6269349059404035,0.7824673203398509,0.3662265777587891,0.5678135269365643,0.5666439851499003,0.5495751953535931,0.5595168838763848,0.5320472535729477
16,"{""colsample_bytree"": 1.0, ""learning_rate"": 0.1, ""max_depth"": 3, ""min_child_weight"": 1, ""n_estimators"": 150, ""reg_alpha"": 0.1, ""reg_lambda"": 5.0, ""scale_pos_weight"": 3.0, ""subsample"": 1.0}",0.5596311119157843,0.012744187107586276,0.6131748081950888,0.7828767302947546,0.19731440544128417,0.5688591943691285,0.5683833742359234,0.5480932861345064,0.5693331486208223,0.5434865562185407
17,"{""colsample_bytree"": 1.0, ""learning_rate"": 0.03, ""max_depth"": 5, ""min_child_weight"": 10, ""n_estimators"": 150, ""reg_alpha"": 0.0, ""reg_lambda"": 1.0, ""scale_pos_weight"": 1.0, ""subsample"": 1.0}",0.5604654881350641,0.016363465395767086,0.633522750960996,0.7816496490269811,0.30939497947692873,0.5695951512489139,0.5724439371660348,0.5674970597897968,0.5605175106159008,0.5322737818546744
18,"{""colsample_bytree"": 1.0, ""learning_rate"": 0.07, ""max_depth"": 5, ""min_child_weight"": 1, ""n_estimators"": 150, ""reg_alpha"": 0.1, ""reg_lambda"": 1.0, ""scale_pos_weight"": 1.0, ""subsample"": 1.0}",0.5620027117809906,0.013239587982864273,0.7088236754063024,0.77978943365158,0.3977499961853027,0.5672911123235401,0.5725419040567593,0.5675698024162383,0.5635985850022946,0.5390121551061204
19,"{""colsample_bytree"": 1.0, ""learning_rate"": 0.1, ""max_depth"": 4, ""min_child_weight"": 5, ""n_estimators"": 150, ""reg_alpha"": 0.1, ""reg_lambda"": 5.0, ""scale_pos_weight"": 3.0, ""subsample"": 1.0}",0.5576553335581338,0.013174151314829253,0.6546765754719284,0.7798686121478247,0.26361932754516604,0.5622232857956929,0.5721035975684413,0.5528102319063808,0.5636221568177373,0.5375173957024164
20,"{""colsample_bytree"": 1.0, ""learning_rate"": 0.03, ""max_depth"": 3, ""min_child_weight"": 5, ""n_estimators"": 300, ""reg_alpha"": 0.0, ""reg_lambda"": 1.0, ""scale_pos_weight"": 1.0, ""subsample"": 0.7}",0.559482854579228,0.013496493592668806,0.606465056882079,0.783553366535312,0.386489725112915,0.5704684023320447,0.569188984228294,0.5550307024502653,0.5648175966878258,0.53790858719771
21,"{""colsample_bytree"": 0.8, ""learning_rate"": 0.03, ""max_depth"": 4, ""min_child_weight"": 1, ""n_estimators"": 300, ""reg_alpha"": 0.1, ""reg_lambda"": 5.0, ""scale_pos_weight"": 3.0, ""subsample"": 0.7}",0.5599347569858801,0.01498167822905334,0.6336626130122529,0.7842595737136897,0.5328464984893799,0.5678090093296049,0.5706939364450636,0.556417028073486,0.5696022108207881,0.5351516002604583
22,"{""colsample_bytree"": 0.8, ""learning_rate"": 0.07, ""max_depth"": 3, ""min_child_weight"": 1, ""n_estimators"": 150, ""reg_alpha"": 0.0, ""reg_lambda"": 1.0, ""scale_pos_weight"": 3.0, ""subsample"": 0.7}",0.555194071963618,0.014420483021266181,0.6044782647214417,0.7828685784690415,0.25785412788391116,0.5617182445378597,0.5627856392865572,0.5481833258146602,0.56976908967953,0.533514060499483
23,"{""colsample_bytree"": 0.8, ""learning_rate"": 0.1, ""max_depth"": 5, ""min_child_weight"": 10, ""n_estimators"": 300, ""reg_alpha"": 0.1, ""reg_lambda"": 1.0, ""scale_pos_weight"": 3.0, ""subsample"": 0.7}",0.5380055555939228,0.0193689012050952,0.7871311554812987,0.7675416290549416,0.598954153060913,0.556017768665835,0.5415949700187026,0.547113434333315,0.5400979122386271,0.5052036927131341
